feature_id	contrast	lfc	significance	label	neg_log10_q
OTU0000	gut_vs_skin	-0.553	9.412308e-02	Verrucomicrobia;OTU0000	1.026
OTU0000	gut_vs_soil	0.836	4.948603e-01	Verrucomicrobia;OTU0000	0.306
OTU0000	skin_vs_soil	1.003	2.568852e-02	Verrucomicrobia;OTU0000	1.59
OTU0001	gut_vs_skin	0.076	1.387641e-01	Firmicutes;OTU0001	0.858
OTU0001	gut_vs_soil	0.506	3.514623e-01	Firmicutes;OTU0001	0.454
OTU0001	skin_vs_soil	0.336	5.995811e-02	Firmicutes;OTU0001	1.222
OTU0002	gut_vs_skin	-0.09	6.385475e-01	Actinobacteria;OTU0002	0.195
OTU0002	gut_vs_soil	0.327	1.839113e-01	Actinobacteria;OTU0002	0.735
OTU0002	skin_vs_soil	0.23	2.706186e-01	Actinobacteria;OTU0002	0.568
OTU0003	gut_vs_skin	0.113	1.398139e-02	Firmicutes;OTU0003	1.854
OTU0003	gut_vs_soil	-0.365	3.096412e-02	Firmicutes;OTU0003	1.509
OTU0003	skin_vs_soil	1.483	9.060917e-02	Firmicutes;OTU0003	1.043
OTU0004	gut_vs_skin	0.6	1.427899e-01	Bacteroidetes;OTU0004	0.845
OTU0004	gut_vs_soil	-3.889	4.824413e-03	Bacteroidetes;OTU0004	2.317
OTU0004	skin_vs_soil	-0.36	1.367689e-01	Bacteroidetes;OTU0004	0.864
OTU0005	gut_vs_skin	0.447	5.294636e-02	Bacteroidetes;OTU0005	1.276
OTU0005	gut_vs_soil	1.993	1.708045e-04	Bacteroidetes;OTU0005	3.768
OTU0005	skin_vs_soil	0.747	8.047966e-02	Bacteroidetes;OTU0005	1.094
OTU0006	gut_vs_skin	0.086	3.224391e-01	Verrucomicrobia;OTU0006	0.492
OTU0006	gut_vs_soil	0.709	1.333134e-02	Verrucomicrobia;OTU0006	1.875
OTU0006	skin_vs_soil	1.774	6.245853e-04	Verrucomicrobia;OTU0006	3.204
OTU0007	gut_vs_skin	0.964	4.412338e-02	Firmicutes;OTU0007	1.355
OTU0007	gut_vs_soil	3.974	2.985030e-07	Firmicutes;OTU0007	6.525
OTU0007	skin_vs_soil	0.032	2.101546e-01	Firmicutes;OTU0007	0.677
OTU0008	gut_vs_skin	0.155	1.043416e-01	Verrucomicrobia;OTU0008	0.982
OTU0008	gut_vs_soil	-0.853	2.231388e-02	Verrucomicrobia;OTU0008	1.651
OTU0008	skin_vs_soil	-1.042	3.493834e-02	Verrucomicrobia;OTU0008	1.457
OTU0009	gut_vs_skin	0.153	5.725767e-02	Bacteroidetes;OTU0009	1.242
OTU0009	gut_vs_soil	0.222	2.528154e-02	Bacteroidetes;OTU0009	1.597
OTU0009	skin_vs_soil	0.26	1.254858e-01	Bacteroidetes;OTU0009	0.901
OTU0010	gut_vs_skin	-0.398	4.840941e-02	Proteobacteria;OTU0010	1.315
OTU0010	gut_vs_soil	-1.563	1.708918e-03	Proteobacteria;OTU0010	2.767
OTU0010	skin_vs_soil	0.372	1.859534e-02	Proteobacteria;OTU0010	1.731
OTU0011	gut_vs_skin	0.502	1.590414e-02	Verrucomicrobia;OTU0011	1.798
OTU0011	gut_vs_soil	-1.413	1.190386e-01	Verrucomicrobia;OTU0011	0.924
OTU0011	skin_vs_soil	-3.105	7.334703e-05	Verrucomicrobia;OTU0011	4.135
OTU0012	gut_vs_skin	0.29	5.341552e-01	Actinobacteria;OTU0012	0.272
OTU0012	gut_vs_soil	0.348	6.555731e-01	Actinobacteria;OTU0012	0.183
OTU0012	skin_vs_soil	0.468	8.197384e-01	Actinobacteria;OTU0012	0.086
OTU0013	gut_vs_skin	-0.251	1.878742e-02	Verrucomicrobia;OTU0013	1.726
OTU0013	gut_vs_soil	0.447	9.595774e-01	Verrucomicrobia;OTU0013	0.018
OTU0013	skin_vs_soil	-0.734	4.163914e-01	Verrucomicrobia;OTU0013	0.38
OTU0014	gut_vs_skin	0.547	1.674228e-02	Actinobacteria;OTU0014	1.776
OTU0014	gut_vs_soil	-1.105	7.298816e-02	Actinobacteria;OTU0014	1.137
OTU0014	skin_vs_soil	0.443	2.092499e-02	Actinobacteria;OTU0014	1.679
OTU0015	gut_vs_skin	1.32	7.901699e-05	Bacteroidetes;OTU0015	4.102
OTU0015	gut_vs_soil	-0.188	2.645893e-01	Bacteroidetes;OTU0015	0.577
OTU0015	skin_vs_soil	1.729	4.072167e-03	Bacteroidetes;OTU0015	2.39
OTU0016	gut_vs_skin	-2.16	1.833633e-08	Proteobacteria;OTU0016	7.737
OTU0016	gut_vs_soil	0.219	2.049355e-02	Proteobacteria;OTU0016	1.688
OTU0016	skin_vs_soil	0.107	1.975451e-02	Proteobacteria;OTU0016	1.704
OTU0017	gut_vs_skin	0.045	7.165527e-01	Actinobacteria;OTU0017	0.145
OTU0017	gut_vs_soil	0.15	1.783722e-02	Actinobacteria;OTU0017	1.749
OTU0017	skin_vs_soil	-0.342	3.405599e-02	Actinobacteria;OTU0017	1.468
OTU0018	gut_vs_skin	-0.513	8.241410e-02	Actinobacteria;OTU0018	1.084
OTU0018	gut_vs_soil	-0.708	6.391485e-02	Actinobacteria;OTU0018	1.194
OTU0018	skin_vs_soil	2.041	1.004415e-03	Actinobacteria;OTU0018	2.998
OTU0019	gut_vs_skin	-0.535	6.035532e-01	Verrucomicrobia;OTU0019	0.219
OTU0019	gut_vs_soil	-2.488	1.160224e-08	Verrucomicrobia;OTU0019	7.935
OTU0019	skin_vs_soil	-0.064	3.573921e-01	Verrucomicrobia;OTU0019	0.447
OTU0020	gut_vs_skin	-0.093	4.933741e-02	Verrucomicrobia;OTU0020	1.307
OTU0020	gut_vs_soil	0.627	2.046225e-01	Verrucomicrobia;OTU0020	0.689
OTU0020	skin_vs_soil	2.523	1.198525e-05	Verrucomicrobia;OTU0020	4.921
OTU0021	gut_vs_skin	0.018	5.494721e-02	Actinobacteria;OTU0021	1.26
OTU0021	gut_vs_soil	0.571	6.215536e-02	Actinobacteria;OTU0021	1.207
OTU0021	skin_vs_soil	3.602	2.300691e-06	Actinobacteria;OTU0021	5.638
OTU0022	gut_vs_skin	-1.999	7.704313e-07	Proteobacteria;OTU0022	6.113
OTU0022	gut_vs_soil	-0.636	1.077804e-02	Proteobacteria;OTU0022	1.967
OTU0022	skin_vs_soil	0.406	6.129543e-01	Proteobacteria;OTU0022	0.213
OTU0023	gut_vs_skin	3.917	8.160350e-08	Actinobacteria;OTU0023	7.088
OTU0023	gut_vs_soil	0.357	9.488337e-02	Actinobacteria;OTU0023	1.023
OTU0023	skin_vs_soil	0.113	5.518325e-02	Actinobacteria;OTU0023	1.258
OTU0024	gut_vs_skin	0.278	1.743721e-01	Bacteroidetes;OTU0024	0.759
OTU0024	gut_vs_soil	-1.357	5.676470e-02	Bacteroidetes;OTU0024	1.246
OTU0024	skin_vs_soil	0.708	1.384389e-01	Bacteroidetes;OTU0024	0.859
OTU0025	gut_vs_skin	0.442	9.463985e-02	Verrucomicrobia;OTU0025	1.024
OTU0025	gut_vs_soil	0.152	1.893234e-01	Verrucomicrobia;OTU0025	0.723
OTU0025	skin_vs_soil	-0.81	1.635047e-01	Verrucomicrobia;OTU0025	0.786
OTU0026	gut_vs_skin	-3.774	7.241468e-06	Bacteroidetes;OTU0026	5.14
OTU0026	gut_vs_soil	-0.589	1.514685e-02	Bacteroidetes;OTU0026	1.82
OTU0026	skin_vs_soil	-0.632	7.717579e-01	Bacteroidetes;OTU0026	0.113
OTU0027	gut_vs_skin	0.151	1.914561e-02	Bacteroidetes;OTU0027	1.718
OTU0027	gut_vs_soil	-0.399	2.428253e-02	Bacteroidetes;OTU0027	1.615
OTU0027	skin_vs_soil	-0.393	5.493166e-01	Bacteroidetes;OTU0027	0.26
OTU0028	gut_vs_skin	-0.073	2.208177e-01	Verrucomicrobia;OTU0028	0.656
OTU0028	gut_vs_soil	-0.07	1.657076e-02	Verrucomicrobia;OTU0028	1.781
OTU0028	skin_vs_soil	-1.342	1.807050e-01	Verrucomicrobia;OTU0028	0.743
OTU0029	gut_vs_skin	3.316	1.749621e-04	Bacteroidetes;OTU0029	3.757
OTU0029	gut_vs_soil	-0.333	6.344094e-02	Bacteroidetes;OTU0029	1.198
OTU0029	skin_vs_soil	-1.065	1.019122e-01	Bacteroidetes;OTU0029	0.992
OTU0030	gut_vs_skin	1.006	4.225849e-01	Bacteroidetes;OTU0030	0.374
OTU0030	gut_vs_soil	-0.372	6.275772e-01	Bacteroidetes;OTU0030	0.202
OTU0030	skin_vs_soil	3.746	7.661308e-03	Bacteroidetes;OTU0030	2.116
OTU0031	gut_vs_skin	-0.262	1.632349e-01	Proteobacteria;OTU0031	0.787
OTU0031	gut_vs_soil	0.149	5.882008e-01	Proteobacteria;OTU0031	0.23
OTU0031	skin_vs_soil	0.262	3.908311e-01	Proteobacteria;OTU0031	0.408
OTU0032	gut_vs_skin	4.209	4.789521e-06	Firmicutes;OTU0032	5.32
OTU0032	gut_vs_soil	0.837	9.265528e-01	Firmicutes;OTU0032	0.033
OTU0032	skin_vs_soil	-0.318	5.941760e-02	Firmicutes;OTU0032	1.226
OTU0033	gut_vs_skin	-0.071	6.649465e-02	Verrucomicrobia;OTU0033	1.177
OTU0033	gut_vs_soil	0.648	1.135516e-01	Verrucomicrobia;OTU0033	0.945
OTU0033	skin_vs_soil	-0.801	3.906855e-01	Verrucomicrobia;OTU0033	0.408
OTU0034	gut_vs_skin	0.083	1.272621e-01	Verrucomicrobia;OTU0034	0.895
OTU0034	gut_vs_soil	-0.097	7.668742e-02	Verrucomicrobia;OTU0034	1.115
OTU0034	skin_vs_soil	0.644	2.520776e-01	Verrucomicrobia;OTU0034	0.598
OTU0035	gut_vs_skin	0.661	1.224678e-02	Verrucomicrobia;OTU0035	1.912
OTU0035	gut_vs_soil	2.49	2.045747e-03	Verrucomicrobia;OTU0035	2.689
OTU0035	skin_vs_soil	0.284	1.822347e-02	Verrucomicrobia;OTU0035	1.739
OTU0036	gut_vs_skin	-2.073	2.525858e-06	Actinobacteria;OTU0036	5.598
OTU0036	gut_vs_soil	-0.739	4.598840e-02	Actinobacteria;OTU0036	1.337
OTU0036	skin_vs_soil	-0.28	1.409688e-01	Actinobacteria;OTU0036	0.851
OTU0037	gut_vs_skin	-0.245	1.302029e-01	Actinobacteria;OTU0037	0.885
OTU0037	gut_vs_soil	-0.28	9.077744e-02	Actinobacteria;OTU0037	1.042
OTU0037	skin_vs_soil	0.077	1.257490e-02	Actinobacteria;OTU0037	1.9
OTU0038	gut_vs_skin	-0.547	7.206864e-02	Proteobacteria;OTU0038	1.142
OTU0038	gut_vs_soil	-0.114	1.673959e-01	Proteobacteria;OTU0038	0.776
OTU0038	skin_vs_soil	0.159	2.193940e-01	Proteobacteria;OTU0038	0.659
OTU0039	gut_vs_skin	-0.351	4.617534e-02	Verrucomicrobia;OTU0039	1.336
OTU0039	gut_vs_soil	-0.52	1.099565e-01	Verrucomicrobia;OTU0039	0.959
OTU0039	skin_vs_soil	-0.024	1.879957e-01	Verrucomicrobia;OTU0039	0.726
OTU0040	gut_vs_skin	-0.147	2.061317e-02	Firmicutes;OTU0040	1.686
OTU0040	gut_vs_soil	2.16	9.461202e-03	Firmicutes;OTU0040	2.024
OTU0040	skin_vs_soil	-0.243	9.312165e-02	Firmicutes;OTU0040	1.031
OTU0041	gut_vs_skin	2.059	3.303391e-07	Firmicutes;OTU0041	6.481
OTU0041	gut_vs_soil	-2.847	1.323294e-07	Firmicutes;OTU0041	6.878
OTU0041	skin_vs_soil	-0.041	7.721692e-02	Firmicutes;OTU0041	1.112
OTU0042	gut_vs_skin	-0.281	2.364013e-02	Proteobacteria;OTU0042	1.626
OTU0042	gut_vs_soil	-0.195	3.386353e-02	Proteobacteria;OTU0042	1.47
OTU0042	skin_vs_soil	-0.099	6.859927e-01	Proteobacteria;OTU0042	0.164
OTU0043	gut_vs_skin	-1.315	2.338714e-02	Bacteroidetes;OTU0043	1.631
OTU0043	gut_vs_soil	3.285	4.878692e-03	Bacteroidetes;OTU0043	2.312
OTU0043	skin_vs_soil	-0.986	3.040762e-01	Bacteroidetes;OTU0043	0.517
OTU0044	gut_vs_skin	-0.304	2.393543e-01	Actinobacteria;OTU0044	0.621
OTU0044	gut_vs_soil	-0.048	1.338157e-01	Actinobacteria;OTU0044	0.873
OTU0044	skin_vs_soil	-0.186	1.820112e-01	Actinobacteria;OTU0044	0.74
OTU0045	gut_vs_skin	-0.001	2.413032e-01	Proteobacteria;OTU0045	0.617
OTU0045	gut_vs_soil	0.413	1.860607e-02	Proteobacteria;OTU0045	1.73
OTU0045	skin_vs_soil	-0.226	7.995434e-01	Proteobacteria;OTU0045	0.097
OTU0046	gut_vs_skin	-2.391	8.602821e-05	Actinobacteria;OTU0046	4.065
OTU0046	gut_vs_soil	-0.226	3.294269e-01	Actinobacteria;OTU0046	0.482
OTU0046	skin_vs_soil	0.042	7.480826e-01	Actinobacteria;OTU0046	0.126
OTU0047	gut_vs_skin	0.036	4.321245e-02	Bacteroidetes;OTU0047	1.364
OTU0047	gut_vs_soil	0.361	4.290899e-02	Bacteroidetes;OTU0047	1.367
OTU0047	skin_vs_soil	-0.105	8.561529e-01	Bacteroidetes;OTU0047	0.067
OTU0048	gut_vs_skin	-0.236	5.203978e-01	Bacteroidetes;OTU0048	0.284
OTU0048	gut_vs_soil	0.985	1.684523e-02	Bacteroidetes;OTU0048	1.774
OTU0048	skin_vs_soil	0.153	7.833544e-01	Bacteroidetes;OTU0048	0.106
OTU0049	gut_vs_skin	-0.706	1.402883e-02	Actinobacteria;OTU0049	1.853
OTU0049	gut_vs_soil	-0.367	4.233505e-02	Actinobacteria;OTU0049	1.373
OTU0049	skin_vs_soil	-0.577	1.850620e-02	Actinobacteria;OTU0049	1.733
OTU0050	gut_vs_skin	-0.469	2.210411e-02	Proteobacteria;OTU0050	1.656
OTU0050	gut_vs_soil	0.194	5.558334e-02	Proteobacteria;OTU0050	1.255
OTU0050	skin_vs_soil	-0.081	1.963569e-01	Proteobacteria;OTU0050	0.707
OTU0051	gut_vs_skin	0.324	1.818791e-01	Firmicutes;OTU0051	0.74
OTU0051	gut_vs_soil	-0.812	4.620750e-02	Firmicutes;OTU0051	1.335
OTU0051	skin_vs_soil	2.787	6.426209e-07	Firmicutes;OTU0051	6.192
OTU0052	gut_vs_skin	-0.233	1.940425e-02	Bacteroidetes;OTU0052	1.712
OTU0052	gut_vs_soil	0.51	1.528181e-01	Bacteroidetes;OTU0052	0.816
OTU0052	skin_vs_soil	0.296	4.037300e-02	Bacteroidetes;OTU0052	1.394
OTU0053	gut_vs_skin	0.166	1.074840e-01	Firmicutes;OTU0053	0.969
OTU0053	gut_vs_soil	-2.195	2.801867e-03	Firmicutes;OTU0053	2.553
OTU0053	skin_vs_soil	1.117	7.869357e-02	Firmicutes;OTU0053	1.104
OTU0054	gut_vs_skin	-0.495	8.274541e-01	Bacteroidetes;OTU0054	0.082
OTU0054	gut_vs_soil	2.185	1.152444e-08	Bacteroidetes;OTU0054	7.938
OTU0054	skin_vs_soil	-1.434	1.363174e-02	Bacteroidetes;OTU0054	1.865
OTU0055	gut_vs_skin	-3.119	7.168245e-08	Actinobacteria;OTU0055	7.145
OTU0055	gut_vs_soil	-0.118	7.576317e-01	Actinobacteria;OTU0055	0.121
OTU0055	skin_vs_soil	0.36	3.246461e-01	Actinobacteria;OTU0055	0.489
OTU0056	gut_vs_skin	-0.555	8.037469e-01	Proteobacteria;OTU0056	0.095
OTU0056	gut_vs_soil	-0.576	4.465936e-01	Proteobacteria;OTU0056	0.35
OTU0056	skin_vs_soil	2.328	1.678800e-03	Proteobacteria;OTU0056	2.775
OTU0057	gut_vs_skin	0.245	5.157490e-02	Firmicutes;OTU0057	1.288
OTU0057	gut_vs_soil	-0.076	4.297114e-01	Firmicutes;OTU0057	0.367
OTU0057	skin_vs_soil	0.208	5.197799e-01	Firmicutes;OTU0057	0.284
OTU0058	gut_vs_skin	1.007	3.416828e-01	Verrucomicrobia;OTU0058	0.466
OTU0058	gut_vs_soil	-0.633	5.511797e-02	Verrucomicrobia;OTU0058	1.259
OTU0058	skin_vs_soil	0.363	6.738855e-02	Verrucomicrobia;OTU0058	1.171
OTU0059	gut_vs_skin	-0.169	3.235033e-02	Actinobacteria;OTU0059	1.49
OTU0059	gut_vs_soil	-4.29	5.912369e-03	Actinobacteria;OTU0059	2.228
OTU0059	skin_vs_soil	-1.011	5.039358e-02	Actinobacteria;OTU0059	1.298
OTU0060	gut_vs_skin	-1.059	1.530997e-04	Firmicutes;OTU0060	3.815
OTU0060	gut_vs_soil	0.66	1.057847e-02	Firmicutes;OTU0060	1.976
OTU0060	skin_vs_soil	0.766	5.928908e-02	Firmicutes;OTU0060	1.227
OTU0061	gut_vs_skin	0.562	3.804182e-01	Bacteroidetes;OTU0061	0.42
OTU0061	gut_vs_soil	-0.428	1.774478e-02	Bacteroidetes;OTU0061	1.751
OTU0061	skin_vs_soil	-0.448	7.968978e-01	Bacteroidetes;OTU0061	0.099
OTU0062	gut_vs_skin	-0.126	4.524033e-02	Firmicutes;OTU0062	1.344
OTU0062	gut_vs_soil	-0.353	3.875961e-01	Firmicutes;OTU0062	0.412
OTU0062	skin_vs_soil	-0.939	6.031240e-02	Firmicutes;OTU0062	1.22
OTU0063	gut_vs_skin	-0.083	1.305658e-02	Bacteroidetes;OTU0063	1.884
OTU0063	gut_vs_soil	0.017	8.084387e-01	Bacteroidetes;OTU0063	0.092
OTU0063	skin_vs_soil	-0.829	3.137799e-02	Bacteroidetes;OTU0063	1.503
OTU0064	gut_vs_skin	3.184	3.034774e-06	Actinobacteria;OTU0064	5.518
OTU0064	gut_vs_soil	-0.581	9.633093e-01	Actinobacteria;OTU0064	0.016
OTU0064	skin_vs_soil	0.14	5.979363e-02	Actinobacteria;OTU0064	1.223
OTU0065	gut_vs_skin	0.19	8.941611e-02	Verrucomicrobia;OTU0065	1.049
OTU0065	gut_vs_soil	1.081	1.654312e-01	Verrucomicrobia;OTU0065	0.781
OTU0065	skin_vs_soil	0.28	2.795203e-02	Verrucomicrobia;OTU0065	1.554
OTU0066	gut_vs_skin	-0.542	3.393122e-02	Proteobacteria;OTU0066	1.469
OTU0066	gut_vs_soil	1.129	1.202451e-01	Proteobacteria;OTU0066	0.92
OTU0066	skin_vs_soil	-0.027	2.021644e-02	Proteobacteria;OTU0066	1.694
OTU0067	gut_vs_skin	-0.613	1.425392e-02	Bacteroidetes;OTU0067	1.846
OTU0067	gut_vs_soil	0.49	6.513488e-01	Bacteroidetes;OTU0067	0.186
OTU0067	skin_vs_soil	0.258	9.161314e-01	Bacteroidetes;OTU0067	0.038
OTU0068	gut_vs_skin	-0.393	5.944093e-01	Firmicutes;OTU0068	0.226
OTU0068	gut_vs_soil	-0.147	7.419305e-02	Firmicutes;OTU0068	1.13
OTU0068	skin_vs_soil	0.306	3.712500e-01	Firmicutes;OTU0068	0.43
OTU0069	gut_vs_skin	0.984	6.818096e-02	Proteobacteria;OTU0069	1.166
OTU0069	gut_vs_soil	0.294	1.867123e-01	Proteobacteria;OTU0069	0.729
OTU0069	skin_vs_soil	0.217	4.057201e-02	Proteobacteria;OTU0069	1.392
OTU0070	gut_vs_skin	0.037	1.066315e-01	Firmicutes;OTU0070	0.972
OTU0070	gut_vs_soil	0.51	6.691105e-02	Firmicutes;OTU0070	1.175
OTU0070	skin_vs_soil	2.915	4.445451e-05	Firmicutes;OTU0070	4.352
OTU0071	gut_vs_skin	0.17	1.431704e-01	Actinobacteria;OTU0071	0.844
OTU0071	gut_vs_soil	0.115	9.880204e-01	Actinobacteria;OTU0071	0.005
OTU0071	skin_vs_soil	0.628	2.029402e-02	Actinobacteria;OTU0071	1.693
OTU0072	gut_vs_skin	0.612	7.837424e-01	Actinobacteria;OTU0072	0.106
OTU0072	gut_vs_soil	-0.647	6.963316e-01	Actinobacteria;OTU0072	0.157
OTU0072	skin_vs_soil	0.092	6.584487e-01	Actinobacteria;OTU0072	0.181
OTU0073	gut_vs_skin	0.508	1.120152e-01	Verrucomicrobia;OTU0073	0.951
OTU0073	gut_vs_soil	-0.074	1.778971e-01	Verrucomicrobia;OTU0073	0.75
OTU0073	skin_vs_soil	-0.114	6.250155e-02	Verrucomicrobia;OTU0073	1.204
OTU0074	gut_vs_skin	-2.569	9.529147e-07	Verrucomicrobia;OTU0074	6.021
OTU0074	gut_vs_soil	-1.001	2.843705e-01	Verrucomicrobia;OTU0074	0.546
OTU0074	skin_vs_soil	0.39	1.586597e-02	Verrucomicrobia;OTU0074	1.8
OTU0075	gut_vs_skin	-0.429	1.328484e-01	Actinobacteria;OTU0075	0.877
OTU0075	gut_vs_soil	-0.909	1.283040e-01	Actinobacteria;OTU0075	0.892
OTU0075	skin_vs_soil	-4.01	1.563078e-06	Actinobacteria;OTU0075	5.806
OTU0076	gut_vs_skin	0.36	6.771159e-01	Actinobacteria;OTU0076	0.169
OTU0076	gut_vs_soil	-3.579	8.947216e-04	Actinobacteria;OTU0076	3.048
OTU0076	skin_vs_soil	0.323	1.031614e-01	Actinobacteria;OTU0076	0.986
OTU0077	gut_vs_skin	-0.536	8.929566e-01	Bacteroidetes;OTU0077	0.049
OTU0077	gut_vs_soil	-0.108	4.853948e-01	Bacteroidetes;OTU0077	0.314
OTU0077	skin_vs_soil	0.03	3.684584e-01	Bacteroidetes;OTU0077	0.434
OTU0078	gut_vs_skin	-0.014	1.874036e-01	Actinobacteria;OTU0078	0.727
OTU0078	gut_vs_soil	-0.265	2.251093e-01	Actinobacteria;OTU0078	0.648
OTU0078	skin_vs_soil	-0.167	4.632124e-02	Actinobacteria;OTU0078	1.334
OTU0079	gut_vs_skin	0.32	5.308035e-02	Bacteroidetes;OTU0079	1.275
OTU0079	gut_vs_soil	0.097	7.057928e-02	Bacteroidetes;OTU0079	1.151
OTU0079	skin_vs_soil	0.424	2.472296e-02	Bacteroidetes;OTU0079	1.607
OTU0080	gut_vs_skin	-2.949	4.940364e-04	Proteobacteria;OTU0080	3.306
OTU0080	gut_vs_soil	0.61	5.265215e-01	Proteobacteria;OTU0080	0.279
OTU0080	skin_vs_soil	0.235	2.474891e-02	Proteobacteria;OTU0080	1.606
OTU0081	gut_vs_skin	-0.406	1.085203e-02	Firmicutes;OTU0081	1.964
OTU0081	gut_vs_soil	0.191	3.316944e-01	Firmicutes;OTU0081	0.479
OTU0081	skin_vs_soil	0.037	2.537354e-02	Firmicutes;OTU0081	1.596
OTU0082	gut_vs_skin	0.026	2.632389e-01	Actinobacteria;OTU0082	0.58
OTU0082	gut_vs_soil	-0.152	8.908591e-02	Actinobacteria;OTU0082	1.05
OTU0082	skin_vs_soil	-0.227	4.122666e-02	Actinobacteria;OTU0082	1.385
OTU0083	gut_vs_skin	0.408	7.689994e-02	Bacteroidetes;OTU0083	1.114
OTU0083	gut_vs_soil	0.708	2.500787e-01	Bacteroidetes;OTU0083	0.602
OTU0083	skin_vs_soil	3.984	3.877462e-06	Bacteroidetes;OTU0083	5.411
OTU0084	gut_vs_skin	0.32	2.917081e-01	Bacteroidetes;OTU0084	0.535
OTU0084	gut_vs_soil	3.648	1.677963e-07	Bacteroidetes;OTU0084	6.775
OTU0084	skin_vs_soil	1.431	1.461941e-01	Bacteroidetes;OTU0084	0.835
OTU0085	gut_vs_skin	0.115	3.798028e-02	Proteobacteria;OTU0085	1.42
OTU0085	gut_vs_soil	-0.457	1.701539e-02	Proteobacteria;OTU0085	1.769
OTU0085	skin_vs_soil	0.348	1.699211e-01	Proteobacteria;OTU0085	0.77
OTU0086	gut_vs_skin	0.849	1.083449e-02	Verrucomicrobia;OTU0086	1.965
OTU0086	gut_vs_soil	-0.108	2.280506e-01	Verrucomicrobia;OTU0086	0.642
OTU0086	skin_vs_soil	-0.562	4.707593e-01	Verrucomicrobia;OTU0086	0.327
OTU0087	gut_vs_skin	1.345	2.142564e-02	Verrucomicrobia;OTU0087	1.669
OTU0087	gut_vs_soil	-0.411	2.347035e-02	Verrucomicrobia;OTU0087	1.629
OTU0087	skin_vs_soil	0.008	7.420520e-02	Verrucomicrobia;OTU0087	1.13
OTU0088	gut_vs_skin	0.021	4.993167e-02	Verrucomicrobia;OTU0088	1.302
OTU0088	gut_vs_soil	-1.673	9.933573e-08	Verrucomicrobia;OTU0088	7.003
OTU0088	skin_vs_soil	-0.787	9.124154e-02	Verrucomicrobia;OTU0088	1.04
OTU0089	gut_vs_skin	-2.383	1.678441e-07	Bacteroidetes;OTU0089	6.775
OTU0089	gut_vs_soil	0.35	5.799900e-02	Bacteroidetes;OTU0089	1.237
OTU0089	skin_vs_soil	-0.443	4.781743e-01	Bacteroidetes;OTU0089	0.32
OTU0090	gut_vs_skin	-0.951	5.449740e-02	Proteobacteria;OTU0090	1.264
OTU0090	gut_vs_soil	0.403	3.042654e-01	Proteobacteria;OTU0090	0.517
OTU0090	skin_vs_soil	-0.668	8.718840e-02	Proteobacteria;OTU0090	1.06
OTU0091	gut_vs_skin	0.976	4.850053e-02	Firmicutes;OTU0091	1.314
OTU0091	gut_vs_soil	-1.605	8.898449e-02	Firmicutes;OTU0091	1.051
OTU0091	skin_vs_soil	0.468	4.196542e-01	Firmicutes;OTU0091	0.377
OTU0092	gut_vs_skin	-1.767	3.760236e-03	Actinobacteria;OTU0092	2.425
OTU0092	gut_vs_soil	0.46	5.202521e-02	Actinobacteria;OTU0092	1.284
OTU0092	skin_vs_soil	-0.12	5.518116e-02	Actinobacteria;OTU0092	1.258
OTU0093	gut_vs_skin	0.04	5.667851e-02	Firmicutes;OTU0093	1.247
OTU0093	gut_vs_soil	-0.191	3.202128e-01	Firmicutes;OTU0093	0.495
OTU0093	skin_vs_soil	-0.186	9.563736e-01	Firmicutes;OTU0093	0.019
OTU0094	gut_vs_skin	-2.655	5.116773e-04	Actinobacteria;OTU0094	3.291
OTU0094	gut_vs_soil	-0.168	5.806793e-01	Actinobacteria;OTU0094	0.236
OTU0094	skin_vs_soil	0.32	7.784136e-02	Actinobacteria;OTU0094	1.109
OTU0095	gut_vs_skin	-3.012	8.550257e-04	Verrucomicrobia;OTU0095	3.068
OTU0095	gut_vs_soil	-0.42	1.403759e-02	Verrucomicrobia;OTU0095	1.853
OTU0095	skin_vs_soil	1.115	8.497234e-02	Verrucomicrobia;OTU0095	1.071
OTU0096	gut_vs_skin	0.131	7.295612e-02	Verrucomicrobia;OTU0096	1.137
OTU0096	gut_vs_soil	0.172	1.551211e-01	Verrucomicrobia;OTU0096	0.809
OTU0096	skin_vs_soil	-0.471	5.134256e-02	Verrucomicrobia;OTU0096	1.29
OTU0097	gut_vs_skin	1.129	4.547938e-08	Bacteroidetes;OTU0097	7.342
OTU0097	gut_vs_soil	0.47	1.080061e-01	Bacteroidetes;OTU0097	0.967
OTU0097	skin_vs_soil	-0.592	1.262832e-01	Bacteroidetes;OTU0097	0.899
OTU0098	gut_vs_skin	0.152	2.485703e-02	Bacteroidetes;OTU0098	1.605
OTU0098	gut_vs_soil	-0.005	7.634881e-01	Bacteroidetes;OTU0098	0.117
OTU0098	skin_vs_soil	0.524	2.072177e-01	Bacteroidetes;OTU0098	0.684
OTU0099	gut_vs_skin	-0.099	2.289455e-02	Firmicutes;OTU0099	1.64
OTU0099	gut_vs_soil	-0.131	1.491674e-02	Firmicutes;OTU0099	1.826
OTU0099	skin_vs_soil	0.097	1.484885e-01	Firmicutes;OTU0099	0.828
OTU0100	gut_vs_skin	-0.27	3.037934e-02	Actinobacteria;OTU0100	1.517
OTU0100	gut_vs_soil	-0.177	4.491155e-02	Actinobacteria;OTU0100	1.348
OTU0100	skin_vs_soil	-0.342	1.761026e-02	Actinobacteria;OTU0100	1.754
OTU0101	gut_vs_skin	0.269	5.606258e-01	Proteobacteria;OTU0101	0.251
OTU0101	gut_vs_soil	-1.983	1.089908e-06	Proteobacteria;OTU0101	5.963
OTU0101	skin_vs_soil	2.139	2.309528e-08	Proteobacteria;OTU0101	7.636
OTU0102	gut_vs_skin	2.587	9.561818e-07	Proteobacteria;OTU0102	6.019
OTU0102	gut_vs_soil	2.055	7.630275e-04	Proteobacteria;OTU0102	3.117
OTU0102	skin_vs_soil	1.037	1.156685e-01	Proteobacteria;OTU0102	0.937
OTU0103	gut_vs_skin	-0.108	1.217005e-02	Bacteroidetes;OTU0103	1.915
OTU0103	gut_vs_soil	0.182	1.348327e-02	Bacteroidetes;OTU0103	1.87
OTU0103	skin_vs_soil	0.1	2.168258e-01	Bacteroidetes;OTU0103	0.664
OTU0104	gut_vs_skin	-1.01	3.092855e-01	Firmicutes;OTU0104	0.51
OTU0104	gut_vs_soil	0.967	3.202306e-02	Firmicutes;OTU0104	1.495
OTU0104	skin_vs_soil	-0.422	6.195834e-01	Firmicutes;OTU0104	0.208
OTU0105	gut_vs_skin	0.495	4.580862e-02	Proteobacteria;OTU0105	1.339
OTU0105	gut_vs_soil	0.348	2.403210e-01	Proteobacteria;OTU0105	0.619
OTU0105	skin_vs_soil	0.406	4.336093e-01	Proteobacteria;OTU0105	0.363
OTU0106	gut_vs_skin	1.39	6.745320e-02	Firmicutes;OTU0106	1.171
OTU0106	gut_vs_soil	-0.157	2.099560e-01	Firmicutes;OTU0106	0.678
OTU0106	skin_vs_soil	-0.148	1.289224e-01	Firmicutes;OTU0106	0.89
OTU0107	gut_vs_skin	0.078	2.468592e-02	Actinobacteria;OTU0107	1.608
OTU0107	gut_vs_soil	0.133	1.857506e-02	Actinobacteria;OTU0107	1.731
OTU0107	skin_vs_soil	0.336	2.276977e-01	Actinobacteria;OTU0107	0.643
OTU0108	gut_vs_skin	-0.45	2.932723e-02	Actinobacteria;OTU0108	1.533
OTU0108	gut_vs_soil	0.223	6.518077e-01	Actinobacteria;OTU0108	0.186
OTU0108	skin_vs_soil	-1.059	5.431258e-01	Actinobacteria;OTU0108	0.265
OTU0109	gut_vs_skin	-0.558	5.770997e-01	Actinobacteria;OTU0109	0.239
OTU0109	gut_vs_soil	-0.728	1.136299e-01	Actinobacteria;OTU0109	0.945
OTU0109	skin_vs_soil	-0.038	1.598110e-02	Actinobacteria;OTU0109	1.796
OTU0110	gut_vs_skin	0.231	3.782428e-02	Firmicutes;OTU0110	1.422
OTU0110	gut_vs_soil	0.014	8.673973e-01	Firmicutes;OTU0110	0.062
OTU0110	skin_vs_soil	2.857	8.244090e-03	Firmicutes;OTU0110	2.084
OTU0111	gut_vs_skin	0.065	2.073512e-02	Actinobacteria;OTU0111	1.683
OTU0111	gut_vs_soil	-0.712	7.774756e-01	Actinobacteria;OTU0111	0.109
OTU0111	skin_vs_soil	0.435	3.226018e-01	Actinobacteria;OTU0111	0.491
OTU0112	gut_vs_skin	2.645	1.348650e-07	Proteobacteria;OTU0112	6.87
OTU0112	gut_vs_soil	-0.292	4.140919e-01	Proteobacteria;OTU0112	0.383
OTU0112	skin_vs_soil	3.345	4.386854e-06	Proteobacteria;OTU0112	5.358
OTU0113	gut_vs_skin	-1.265	7.459695e-01	Proteobacteria;OTU0113	0.127
OTU0113	gut_vs_soil	-0.738	1.904413e-01	Proteobacteria;OTU0113	0.72
OTU0113	skin_vs_soil	-0.451	2.478543e-01	Proteobacteria;OTU0113	0.606
OTU0114	gut_vs_skin	1.159	2.876083e-01	Bacteroidetes;OTU0114	0.541
OTU0114	gut_vs_soil	0.164	2.594018e-02	Bacteroidetes;OTU0114	1.586
OTU0114	skin_vs_soil	-0.067	1.046930e-01	Bacteroidetes;OTU0114	0.98
OTU0115	gut_vs_skin	-0.016	1.098108e-02	Firmicutes;OTU0115	1.959
OTU0115	gut_vs_soil	-0.749	3.474884e-02	Firmicutes;OTU0115	1.459
OTU0115	skin_vs_soil	-0.909	1.122227e-02	Firmicutes;OTU0115	1.95
OTU0116	gut_vs_skin	-0.94	7.987781e-01	Verrucomicrobia;OTU0116	0.098
OTU0116	gut_vs_soil	0.536	4.275984e-02	Verrucomicrobia;OTU0116	1.369
OTU0116	skin_vs_soil	-3.281	5.520400e-08	Verrucomicrobia;OTU0116	7.258
OTU0117	gut_vs_skin	0.144	2.902390e-02	Bacteroidetes;OTU0117	1.537
OTU0117	gut_vs_soil	0.092	1.719536e-02	Bacteroidetes;OTU0117	1.765
OTU0117	skin_vs_soil	-0.313	2.898885e-02	Bacteroidetes;OTU0117	1.538
OTU0118	gut_vs_skin	-0.003	6.405544e-01	Verrucomicrobia;OTU0118	0.193
OTU0118	gut_vs_soil	-0.35	4.687757e-02	Verrucomicrobia;OTU0118	1.329
OTU0118	skin_vs_soil	0.274	1.860572e-02	Verrucomicrobia;OTU0118	1.73
OTU0119	gut_vs_skin	-3.143	6.277450e-04	Bacteroidetes;OTU0119	3.202
OTU0119	gut_vs_soil	-2.815	2.386151e-04	Bacteroidetes;OTU0119	3.622
OTU0119	skin_vs_soil	-2.074	1.049719e-04	Bacteroidetes;OTU0119	3.979
OTU0120	gut_vs_skin	-0.852	4.050572e-01	Firmicutes;OTU0120	0.392
OTU0120	gut_vs_soil	-0.164	1.851989e-02	Firmicutes;OTU0120	1.732
OTU0120	skin_vs_soil	-0.422	8.595884e-02	Firmicutes;OTU0120	1.066
OTU0121	gut_vs_skin	0.124	4.930573e-01	Actinobacteria;OTU0121	0.307
OTU0121	gut_vs_soil	-2.933	5.857553e-03	Actinobacteria;OTU0121	2.232
OTU0121	skin_vs_soil	0.108	1.896253e-01	Actinobacteria;OTU0121	0.722
OTU0122	gut_vs_skin	3.37	2.688096e-07	Firmicutes;OTU0122	6.571
OTU0122	gut_vs_soil	-1.206	1.111793e-02	Firmicutes;OTU0122	1.954
OTU0122	skin_vs_soil	0.588	3.277197e-01	Firmicutes;OTU0122	0.484
OTU0123	gut_vs_skin	-0.392	1.724394e-02	Firmicutes;OTU0123	1.763
OTU0123	gut_vs_soil	2.109	1.448551e-03	Firmicutes;OTU0123	2.839
OTU0123	skin_vs_soil	0.526	4.728049e-02	Firmicutes;OTU0123	1.325
OTU0124	gut_vs_skin	2.892	8.023437e-04	Firmicutes;OTU0124	3.096
OTU0124	gut_vs_soil	0.921	2.897542e-01	Firmicutes;OTU0124	0.538
OTU0124	skin_vs_soil	-2.455	1.948942e-08	Firmicutes;OTU0124	7.71
OTU0125	gut_vs_skin	-2.609	1.350476e-07	Proteobacteria;OTU0125	6.87
OTU0125	gut_vs_soil	-0.289	7.938535e-01	Proteobacteria;OTU0125	0.1
OTU0125	skin_vs_soil	0.21	2.399849e-01	Proteobacteria;OTU0125	0.62
OTU0126	gut_vs_skin	0.648	3.993828e-01	Bacteroidetes;OTU0126	0.399
OTU0126	gut_vs_soil	-0.555	2.899485e-01	Bacteroidetes;OTU0126	0.538
OTU0126	skin_vs_soil	-1.131	7.113205e-07	Bacteroidetes;OTU0126	6.148
OTU0127	gut_vs_skin	0.23	2.030897e-01	Actinobacteria;OTU0127	0.692
OTU0127	gut_vs_soil	-0.806	3.624105e-02	Actinobacteria;OTU0127	1.441
OTU0127	skin_vs_soil	0.149	7.448485e-01	Actinobacteria;OTU0127	0.128
OTU0128	gut_vs_skin	0.608	4.147270e-02	Actinobacteria;OTU0128	1.382
OTU0128	gut_vs_soil	0.244	2.261205e-02	Actinobacteria;OTU0128	1.646
OTU0128	skin_vs_soil	0.188	1.127447e-01	Actinobacteria;OTU0128	0.948
OTU0129	gut_vs_skin	-0.328	1.480042e-02	Actinobacteria;OTU0129	1.83
OTU0129	gut_vs_soil	-0.126	3.746556e-02	Actinobacteria;OTU0129	1.426
OTU0129	skin_vs_soil	0.588	1.771232e-02	Actinobacteria;OTU0129	1.752
OTU0130	gut_vs_skin	-0.192	8.790695e-01	Bacteroidetes;OTU0130	0.056
OTU0130	gut_vs_soil	3.448	1.556581e-03	Bacteroidetes;OTU0130	2.808
OTU0130	skin_vs_soil	0.292	6.549004e-02	Bacteroidetes;OTU0130	1.184
OTU0131	gut_vs_skin	2.674	1.484415e-08	Actinobacteria;OTU0131	7.828
OTU0131	gut_vs_soil	1.011	3.293435e-01	Actinobacteria;OTU0131	0.482
OTU0131	skin_vs_soil	-3.171	1.798416e-05	Actinobacteria;OTU0131	4.745
OTU0132	gut_vs_skin	-0.226	7.529256e-02	Firmicutes;OTU0132	1.123
OTU0132	gut_vs_soil	0.532	5.802912e-01	Firmicutes;OTU0132	0.236
OTU0132	skin_vs_soil	-1.977	1.725425e-04	Firmicutes;OTU0132	3.763
OTU0133	gut_vs_skin	-1.231	7.355902e-02	Bacteroidetes;OTU0133	1.133
OTU0133	gut_vs_soil	1.051	1.324913e-02	Bacteroidetes;OTU0133	1.878
OTU0133	skin_vs_soil	2.323	2.247910e-03	Bacteroidetes;OTU0133	2.648
OTU0134	gut_vs_skin	-0.603	7.187712e-02	Actinobacteria;OTU0134	1.143
OTU0134	gut_vs_soil	2.845	1.019464e-03	Actinobacteria;OTU0134	2.992
OTU0134	skin_vs_soil	-0.617	2.086914e-02	Actinobacteria;OTU0134	1.68
OTU0135	gut_vs_skin	-2.42	8.308480e-03	Bacteroidetes;OTU0135	2.08
OTU0135	gut_vs_soil	1.212	3.951525e-01	Bacteroidetes;OTU0135	0.403
OTU0135	skin_vs_soil	-0.229	1.965116e-02	Bacteroidetes;OTU0135	1.707
OTU0136	gut_vs_skin	-0.43	4.714294e-01	Verrucomicrobia;OTU0136	0.327
OTU0136	gut_vs_soil	-0.077	9.774675e-02	Verrucomicrobia;OTU0136	1.01
OTU0136	skin_vs_soil	-0.084	9.149718e-01	Verrucomicrobia;OTU0136	0.039
OTU0137	gut_vs_skin	-0.695	3.400881e-06	Verrucomicrobia;OTU0137	5.468
OTU0137	gut_vs_soil	-0.919	1.398402e-02	Verrucomicrobia;OTU0137	1.854
OTU0137	skin_vs_soil	3.321	2.410574e-05	Verrucomicrobia;OTU0137	4.618
OTU0138	gut_vs_skin	-0.334	5.218225e-01	Actinobacteria;OTU0138	0.282
OTU0138	gut_vs_soil	0.021	1.150065e-02	Actinobacteria;OTU0138	1.939
OTU0138	skin_vs_soil	0.587	1.208300e-01	Actinobacteria;OTU0138	0.918
OTU0139	gut_vs_skin	0.671	3.166925e-01	Actinobacteria;OTU0139	0.499
OTU0139	gut_vs_soil	0.467	3.245893e-02	Actinobacteria;OTU0139	1.489
OTU0139	skin_vs_soil	-1.194	7.215486e-02	Actinobacteria;OTU0139	1.142
OTU0140	gut_vs_skin	0.661	1.639157e-02	Proteobacteria;OTU0140	1.785
OTU0140	gut_vs_soil	-0.008	1.677135e-01	Proteobacteria;OTU0140	0.775
OTU0140	skin_vs_soil	-0.047	2.885202e-01	Proteobacteria;OTU0140	0.54
OTU0141	gut_vs_skin	-0.211	6.446091e-01	Actinobacteria;OTU0141	0.191
OTU0141	gut_vs_soil	-0.678	3.733955e-01	Actinobacteria;OTU0141	0.428
OTU0141	skin_vs_soil	-2.942	1.777241e-03	Actinobacteria;OTU0141	2.75
OTU0142	gut_vs_skin	-3.232	1.036468e-06	Bacteroidetes;OTU0142	5.984
OTU0142	gut_vs_soil	0.137	2.974272e-02	Bacteroidetes;OTU0142	1.527
OTU0142	skin_vs_soil	-0.33	6.642760e-02	Bacteroidetes;OTU0142	1.178
OTU0143	gut_vs_skin	-1.034	2.516224e-02	Firmicutes;OTU0143	1.599
OTU0143	gut_vs_soil	0.431	6.533534e-02	Firmicutes;OTU0143	1.185
OTU0143	skin_vs_soil	-0.102	2.589698e-02	Firmicutes;OTU0143	1.587
OTU0144	gut_vs_skin	0.046	1.501844e-02	Bacteroidetes;OTU0144	1.823
OTU0144	gut_vs_soil	0.862	2.125516e-02	Bacteroidetes;OTU0144	1.673
OTU0144	skin_vs_soil	0.719	1.523022e-02	Bacteroidetes;OTU0144	1.817
OTU0145	gut_vs_skin	-0.357	2.788228e-01	Bacteroidetes;OTU0145	0.555
OTU0145	gut_vs_soil	0.623	3.399727e-02	Bacteroidetes;OTU0145	1.469
OTU0145	skin_vs_soil	-0.508	6.549387e-02	Bacteroidetes;OTU0145	1.184
OTU0146	gut_vs_skin	-0.129	1.283506e-02	Firmicutes;OTU0146	1.892
OTU0146	gut_vs_soil	-0.75	1.213358e-02	Firmicutes;OTU0146	1.916
OTU0146	skin_vs_soil	-2.335	2.237971e-03	Firmicutes;OTU0146	2.65
OTU0147	gut_vs_skin	-1.196	6.905677e-01	Proteobacteria;OTU0147	0.161
OTU0147	gut_vs_soil	0.094	6.821059e-02	Proteobacteria;OTU0147	1.166
OTU0147	skin_vs_soil	0.874	2.249677e-02	Proteobacteria;OTU0147	1.648
OTU0148	gut_vs_skin	0.542	1.727926e-01	Bacteroidetes;OTU0148	0.762
OTU0148	gut_vs_soil	-1.302	9.638252e-06	Bacteroidetes;OTU0148	5.016
OTU0148	skin_vs_soil	0.379	2.531812e-02	Bacteroidetes;OTU0148	1.597
OTU0149	gut_vs_skin	-0.26	7.117277e-02	Proteobacteria;OTU0149	1.148
OTU0149	gut_vs_soil	0.114	8.256186e-01	Proteobacteria;OTU0149	0.083
OTU0149	skin_vs_soil	-0.368	1.387066e-01	Proteobacteria;OTU0149	0.858
OTU0150	gut_vs_skin	-0.328	1.981892e-01	Verrucomicrobia;OTU0150	0.703
OTU0150	gut_vs_soil	-2.556	3.436121e-06	Verrucomicrobia;OTU0150	5.464
OTU0150	skin_vs_soil	-0.481	1.718150e-01	Verrucomicrobia;OTU0150	0.765
OTU0151	gut_vs_skin	-2.356	5.369950e-08	Bacteroidetes;OTU0151	7.27
OTU0151	gut_vs_soil	-0.72	9.308274e-02	Bacteroidetes;OTU0151	1.031
OTU0151	skin_vs_soil	-0.515	5.719439e-01	Bacteroidetes;OTU0151	0.243
OTU0152	gut_vs_skin	4.017	2.431639e-07	Firmicutes;OTU0152	6.614
OTU0152	gut_vs_soil	1.149	1.469371e-01	Firmicutes;OTU0152	0.833
OTU0152	skin_vs_soil	2.393	2.991074e-04	Firmicutes;OTU0152	3.524
OTU0153	gut_vs_skin	-0.452	1.962058e-01	Proteobacteria;OTU0153	0.707
OTU0153	gut_vs_soil	0.462	6.808625e-01	Proteobacteria;OTU0153	0.167
OTU0153	skin_vs_soil	0.111	3.052981e-01	Proteobacteria;OTU0153	0.515
OTU0154	gut_vs_skin	-0.673	5.628465e-01	Bacteroidetes;OTU0154	0.25
OTU0154	gut_vs_soil	0.462	4.066244e-02	Bacteroidetes;OTU0154	1.391
OTU0154	skin_vs_soil	-0.352	3.269709e-01	Bacteroidetes;OTU0154	0.485
OTU0155	gut_vs_skin	-1.468	5.242070e-03	Firmicutes;OTU0155	2.28
OTU0155	gut_vs_soil	0.345	8.351290e-02	Firmicutes;OTU0155	1.078
OTU0155	skin_vs_soil	-0.402	5.733605e-01	Firmicutes;OTU0155	0.242
OTU0156	gut_vs_skin	2.978	6.751677e-07	Bacteroidetes;OTU0156	6.171
OTU0156	gut_vs_soil	3.938	2.197353e-06	Bacteroidetes;OTU0156	5.658
OTU0156	skin_vs_soil	-1.903	5.471175e-07	Bacteroidetes;OTU0156	6.262
OTU0157	gut_vs_skin	0.285	1.568632e-01	Actinobacteria;OTU0157	0.804
OTU0157	gut_vs_soil	-0.074	6.888768e-02	Actinobacteria;OTU0157	1.162
OTU0157	skin_vs_soil	0.384	6.060980e-01	Actinobacteria;OTU0157	0.217
OTU0158	gut_vs_skin	0.006	1.695244e-01	Firmicutes;OTU0158	0.771
OTU0158	gut_vs_soil	-1.392	9.591283e-03	Firmicutes;OTU0158	2.018
OTU0158	skin_vs_soil	-0.831	5.246576e-02	Firmicutes;OTU0158	1.28
OTU0159	gut_vs_skin	-0.2	2.118338e-01	Firmicutes;OTU0159	0.674
OTU0159	gut_vs_soil	0.209	2.592980e-01	Firmicutes;OTU0159	0.586
OTU0159	skin_vs_soil	0.988	8.083714e-01	Firmicutes;OTU0159	0.092
OTU0160	gut_vs_skin	0.107	3.945700e-02	Proteobacteria;OTU0160	1.404
OTU0160	gut_vs_soil	-0.602	3.005950e-01	Proteobacteria;OTU0160	0.522
OTU0160	skin_vs_soil	0.471	6.530847e-01	Proteobacteria;OTU0160	0.185
OTU0161	gut_vs_skin	0.005	2.189207e-01	Bacteroidetes;OTU0161	0.66
OTU0161	gut_vs_soil	-0.665	1.556002e-02	Bacteroidetes;OTU0161	1.808
OTU0161	skin_vs_soil	-0.027	1.507484e-02	Bacteroidetes;OTU0161	1.822
OTU0162	gut_vs_skin	-0.392	1.699515e-01	Proteobacteria;OTU0162	0.77
OTU0162	gut_vs_soil	-0.071	1.920467e-01	Proteobacteria;OTU0162	0.717
OTU0162	skin_vs_soil	-0.296	1.307671e-02	Proteobacteria;OTU0162	1.884
OTU0163	gut_vs_skin	0.54	2.813086e-02	Firmicutes;OTU0163	1.551
OTU0163	gut_vs_soil	-0.164	3.299674e-02	Firmicutes;OTU0163	1.482
OTU0163	skin_vs_soil	-0.246	1.943920e-02	Firmicutes;OTU0163	1.711
OTU0164	gut_vs_skin	-0.177	6.912186e-02	Proteobacteria;OTU0164	1.16
OTU0164	gut_vs_soil	2.433	4.233417e-06	Proteobacteria;OTU0164	5.373
OTU0164	skin_vs_soil	0.524	5.287354e-02	Proteobacteria;OTU0164	1.277
OTU0165	gut_vs_skin	-2.161	2.155036e-08	Firmicutes;OTU0165	7.667
OTU0165	gut_vs_soil	-0.126	2.273636e-01	Firmicutes;OTU0165	0.643
OTU0165	skin_vs_soil	0.194	1.008659e-01	Firmicutes;OTU0165	0.996
OTU0166	gut_vs_skin	-0.278	9.221652e-01	Firmicutes;OTU0166	0.035
OTU0166	gut_vs_soil	0.286	1.032899e-01	Firmicutes;OTU0166	0.986
OTU0166	skin_vs_soil	-0.315	2.294047e-01	Firmicutes;OTU0166	0.639
OTU0167	gut_vs_skin	0.822	2.953598e-02	Verrucomicrobia;OTU0167	1.53
OTU0167	gut_vs_soil	0.311	1.846111e-02	Verrucomicrobia;OTU0167	1.734
OTU0167	skin_vs_soil	0.37	1.340165e-02	Verrucomicrobia;OTU0167	1.873
OTU0168	gut_vs_skin	-0.596	3.338327e-01	Verrucomicrobia;OTU0168	0.476
OTU0168	gut_vs_soil	0.099	1.016475e-01	Verrucomicrobia;OTU0168	0.993
OTU0168	skin_vs_soil	1.504	1.264686e-06	Verrucomicrobia;OTU0168	5.898
OTU0169	gut_vs_skin	-0.27	6.295951e-01	Actinobacteria;OTU0169	0.201
OTU0169	gut_vs_soil	-0.135	5.377478e-02	Actinobacteria;OTU0169	1.269
OTU0169	skin_vs_soil	0.346	1.095540e-01	Actinobacteria;OTU0169	0.96
OTU0170	gut_vs_skin	-0.447	1.390926e-02	Proteobacteria;OTU0170	1.857
OTU0170	gut_vs_soil	0.573	1.559164e-01	Proteobacteria;OTU0170	0.807
OTU0170	skin_vs_soil	0.627	1.179819e-01	Proteobacteria;OTU0170	0.928
OTU0171	gut_vs_skin	-0.415	1.909497e-01	Verrucomicrobia;OTU0171	0.719
OTU0171	gut_vs_soil	-0.966	1.981827e-01	Verrucomicrobia;OTU0171	0.703
OTU0171	skin_vs_soil	0.261	1.890581e-01	Verrucomicrobia;OTU0171	0.723
OTU0172	gut_vs_skin	2.436	7.882837e-06	Firmicutes;OTU0172	5.103
OTU0172	gut_vs_soil	0.107	3.967803e-01	Firmicutes;OTU0172	0.401
OTU0172	skin_vs_soil	-0.171	5.617470e-02	Firmicutes;OTU0172	1.25
OTU0173	gut_vs_skin	2.746	3.155926e-06	Proteobacteria;OTU0173	5.501
OTU0173	gut_vs_soil	-0.054	4.639964e-01	Proteobacteria;OTU0173	0.333
OTU0173	skin_vs_soil	0.105	2.552530e-01	Proteobacteria;OTU0173	0.593
OTU0174	gut_vs_skin	-0.482	1.105772e-02	Bacteroidetes;OTU0174	1.956
OTU0174	gut_vs_soil	-0.704	7.945947e-01	Bacteroidetes;OTU0174	0.1
OTU0174	skin_vs_soil	-0.169	2.131763e-02	Bacteroidetes;OTU0174	1.671
OTU0175	gut_vs_skin	2.58	7.877398e-03	Bacteroidetes;OTU0175	2.104
OTU0175	gut_vs_soil	-1.43	2.290366e-02	Bacteroidetes;OTU0175	1.64
OTU0175	skin_vs_soil	-0.102	2.217633e-01	Bacteroidetes;OTU0175	0.654
OTU0176	gut_vs_skin	1.061	6.961595e-01	Firmicutes;OTU0176	0.157
OTU0176	gut_vs_soil	0.552	3.314668e-01	Firmicutes;OTU0176	0.48
OTU0176	skin_vs_soil	-1.524	4.199877e-08	Firmicutes;OTU0176	7.377
OTU0177	gut_vs_skin	0.447	1.070512e-02	Verrucomicrobia;OTU0177	1.97
OTU0177	gut_vs_soil	1.49	2.312045e-08	Verrucomicrobia;OTU0177	7.636
OTU0177	skin_vs_soil	-3.13	2.982888e-03	Verrucomicrobia;OTU0177	2.525
OTU0178	gut_vs_skin	0.019	1.698678e-02	Verrucomicrobia;OTU0178	1.77
OTU0178	gut_vs_soil	-1.711	3.665593e-04	Verrucomicrobia;OTU0178	3.436
OTU0178	skin_vs_soil	0.132	3.936652e-01	Verrucomicrobia;OTU0178	0.405
OTU0179	gut_vs_skin	1.197	9.087148e-02	Firmicutes;OTU0179	1.042
OTU0179	gut_vs_soil	-0.217	4.736366e-01	Firmicutes;OTU0179	0.325
OTU0179	skin_vs_soil	1.17	8.088778e-01	Firmicutes;OTU0179	0.092
OTU0180	gut_vs_skin	-0.3	5.110157e-02	Proteobacteria;OTU0180	1.292
OTU0180	gut_vs_soil	-1.553	7.805627e-04	Proteobacteria;OTU0180	3.108
OTU0180	skin_vs_soil	1.809	3.531757e-02	Proteobacteria;OTU0180	1.452
OTU0181	gut_vs_skin	-0.06	2.705257e-01	Verrucomicrobia;OTU0181	0.568
OTU0181	gut_vs_soil	-4.827	1.874103e-04	Verrucomicrobia;OTU0181	3.727
OTU0181	skin_vs_soil	-0.199	1.839717e-02	Verrucomicrobia;OTU0181	1.735
OTU0182	gut_vs_skin	0.148	1.710461e-02	Bacteroidetes;OTU0182	1.767
OTU0182	gut_vs_soil	0.285	1.136469e-02	Bacteroidetes;OTU0182	1.944
OTU0182	skin_vs_soil	0.587	9.334325e-01	Bacteroidetes;OTU0182	0.03
OTU0183	gut_vs_skin	-0.328	9.984408e-01	Actinobacteria;OTU0183	0.001
OTU0183	gut_vs_soil	-0.722	1.533350e-02	Actinobacteria;OTU0183	1.814
OTU0183	skin_vs_soil	-0.741	5.880871e-01	Actinobacteria;OTU0183	0.231
OTU0184	gut_vs_skin	3.109	3.141873e-08	Bacteroidetes;OTU0184	7.503
OTU0184	gut_vs_soil	0.338	2.349371e-02	Bacteroidetes;OTU0184	1.629
OTU0184	skin_vs_soil	-0.971	8.356797e-01	Bacteroidetes;OTU0184	0.078
OTU0185	gut_vs_skin	-0.476	1.748549e-01	Verrucomicrobia;OTU0185	0.757
OTU0185	gut_vs_soil	0.018	1.569663e-01	Verrucomicrobia;OTU0185	0.804
OTU0185	skin_vs_soil	1.13	1.619749e-02	Verrucomicrobia;OTU0185	1.791
OTU0186	gut_vs_skin	-0.913	8.405087e-01	Actinobacteria;OTU0186	0.075
OTU0186	gut_vs_soil	0.099	1.694389e-02	Actinobacteria;OTU0186	1.771
OTU0186	skin_vs_soil	0.436	2.944857e-02	Actinobacteria;OTU0186	1.531
OTU0187	gut_vs_skin	0.722	7.232132e-01	Actinobacteria;OTU0187	0.141
OTU0187	gut_vs_soil	0.377	9.930931e-01	Actinobacteria;OTU0187	0.003
OTU0187	skin_vs_soil	1.809	1.600484e-08	Actinobacteria;OTU0187	7.796
OTU0188	gut_vs_skin	-0.195	1.006593e-02	Proteobacteria;OTU0188	1.997
OTU0188	gut_vs_soil	-3.947	2.677578e-07	Proteobacteria;OTU0188	6.572
OTU0188	skin_vs_soil	1.262	4.826540e-01	Proteobacteria;OTU0188	0.316
OTU0189	gut_vs_skin	-0.541	2.687232e-01	Verrucomicrobia;OTU0189	0.571
OTU0189	gut_vs_soil	-0.349	1.061743e-02	Verrucomicrobia;OTU0189	1.974
OTU0189	skin_vs_soil	-0.672	9.951971e-01	Verrucomicrobia;OTU0189	0.002
OTU0190	gut_vs_skin	1.119	1.207344e-01	Actinobacteria;OTU0190	0.918
OTU0190	gut_vs_soil	2.162	2.727792e-08	Actinobacteria;OTU0190	7.564
OTU0190	skin_vs_soil	-0.208	6.862163e-01	Actinobacteria;OTU0190	0.164
OTU0191	gut_vs_skin	-0.606	4.832231e-02	Firmicutes;OTU0191	1.316
OTU0191	gut_vs_soil	0.53	3.721243e-01	Firmicutes;OTU0191	0.429
OTU0191	skin_vs_soil	0.482	1.731965e-02	Firmicutes;OTU0191	1.761
OTU0192	gut_vs_skin	-0.296	6.160190e-02	Firmicutes;OTU0192	1.21
OTU0192	gut_vs_soil	-0.561	1.112041e-01	Firmicutes;OTU0192	0.954
OTU0192	skin_vs_soil	-0.349	1.344864e-01	Firmicutes;OTU0192	0.871
OTU0193	gut_vs_skin	0.365	9.139305e-02	Verrucomicrobia;OTU0193	1.039
OTU0193	gut_vs_soil	-3.51	2.791666e-04	Verrucomicrobia;OTU0193	3.554
OTU0193	skin_vs_soil	-0.749	2.154731e-01	Verrucomicrobia;OTU0193	0.667
OTU0194	gut_vs_skin	-0.188	1.600875e-01	Actinobacteria;OTU0194	0.796
OTU0194	gut_vs_soil	-0.456	7.667060e-02	Actinobacteria;OTU0194	1.115
OTU0194	skin_vs_soil	0.135	8.302335e-02	Actinobacteria;OTU0194	1.081
OTU0195	gut_vs_skin	1.181	5.541843e-01	Bacteroidetes;OTU0195	0.256
OTU0195	gut_vs_soil	2.976	2.240745e-06	Bacteroidetes;OTU0195	5.65
OTU0195	skin_vs_soil	0.112	3.817637e-02	Bacteroidetes;OTU0195	1.418
OTU0196	gut_vs_skin	0.064	5.507705e-02	Actinobacteria;OTU0196	1.259
OTU0196	gut_vs_soil	-1.264	7.707795e-02	Actinobacteria;OTU0196	1.113
OTU0196	skin_vs_soil	0.926	1.622429e-02	Actinobacteria;OTU0196	1.79
OTU0197	gut_vs_skin	0.471	8.769138e-01	Firmicutes;OTU0197	0.057
OTU0197	gut_vs_soil	0.846	1.219125e-01	Firmicutes;OTU0197	0.914
OTU0197	skin_vs_soil	-0.119	1.461392e-02	Firmicutes;OTU0197	1.835
OTU0198	gut_vs_skin	0.003	1.109689e-01	Verrucomicrobia;OTU0198	0.955
OTU0198	gut_vs_soil	0.499	5.607693e-02	Verrucomicrobia;OTU0198	1.251
OTU0198	skin_vs_soil	0.146	2.339649e-01	Verrucomicrobia;OTU0198	0.631
OTU0199	gut_vs_skin	-2.436	4.894105e-04	Bacteroidetes;OTU0199	3.31
OTU0199	gut_vs_soil	-0.1	5.108710e-02	Bacteroidetes;OTU0199	1.292
OTU0199	skin_vs_soil	-1.24	3.668906e-02	Bacteroidetes;OTU0199	1.435
