feature_id	position	category	effect
TP53	777	missense_variant	1.024
TP53	2402	missense_variant	0.651
TP53	465	missense_variant	1.582
TP53	2284	frameshift_variant	1.219
TP53	2076	missense_variant	1.014
TP53	1840	stop_gained	1.457
TP53	1631	frameshift_variant	1.262
TP53	720	synonymous_variant	1.034
TP53	233	stop_gained	0.403
TP53	844	synonymous_variant	0.922
TP53	1453	synonymous_variant	1.504
TP53	767	synonymous_variant	1.054
TP53	2408	synonymous_variant	0.851
TP53	719	missense_variant	0.809
TP53	219	frameshift_variant	1.46
TP53	223	missense_variant	0.939
TP53	1004	synonymous_variant	0.6
TP53	521	frameshift_variant	1.006
TP53	2371	missense_variant	0.402
TP53	1096	missense_variant	1.471
TP53	1154	missense_variant	1.545
TP53	382	stop_gained	0.925
TP53	1949	missense_variant	0.659
TP53	543	missense_variant	0.892
TP53	1380	missense_variant	0.64
TP53	612	frameshift_variant	1.241
TP53	1680	splice_region_variant	0.801
TP53	63	synonymous_variant	0.708
TP53	91	stop_gained	1.482
TP53	945	missense_variant	0.808
TP53	2457	missense_variant	0.107
TP53	203	frameshift_variant	1.621
TP53	1443	missense_variant	0.522
TP53	1420	missense_variant	1.542
TP53	1044	missense_variant	1.934
TP53	2336	missense_variant	1.575
TP53	2321	missense_variant	1.689
TP53	203	frameshift_variant	1.529
TP53	1863	missense_variant	1.22
TP53	1207	synonymous_variant	1.121
TP53	1275	splice_region_variant	0.59
TP53	2021	synonymous_variant	0.931
TP53	384	missense_variant	1.08
TP53	2389	missense_variant	0.619
TP53	1792	stop_gained	0.116
TP53	390	missense_variant	1.552
TP53	1871	missense_variant	0.942
TP53	94	missense_variant	0.883
TP53	586	missense_variant	1.306
TP53	2401	frameshift_variant	0.804
TP53	1946	synonymous_variant	0.721
TP53	473	frameshift_variant	1.592
TP53	923	splice_region_variant	1.394
TP53	777	synonymous_variant	0.152
TP53	422	missense_variant	1.875
TP53	869	missense_variant	0.621
TP53	1595	stop_gained	1.36
TP53	2255	splice_region_variant	1.264
TP53	1712	missense_variant	0.659
TP53	1628	missense_variant	1.404
TP53	781	synonymous_variant	2.559
TP53	2070	missense_variant	0.496
TP53	633	synonymous_variant	0.481
TP53	2268	frameshift_variant	1.263
TP53	1947	frameshift_variant	1.333
TP53	2103	frameshift_variant	2.156
TP53	1723	frameshift_variant	0.539
BRCA1	3884	synonymous_variant	0.295
BRCA1	4326	synonymous_variant	2.355
BRCA1	4008	missense_variant	0.603
BRCA1	2693	missense_variant	1.219
BRCA1	2759	frameshift_variant	1.579
BRCA1	795	splice_region_variant	2.053
BRCA1	1639	synonymous_variant	0.64
BRCA1	1981	splice_region_variant	0.847
BRCA1	629	synonymous_variant	1.866
BRCA1	2239	missense_variant	1.546
BRCA1	1419	frameshift_variant	1.759
BRCA1	769	synonymous_variant	1.932
BRCA1	1564	synonymous_variant	1.912
BRCA1	3467	frameshift_variant	1.495
BRCA1	2914	missense_variant	2.482
BRCA1	4355	missense_variant	1.822
BRCA1	1527	frameshift_variant	1.038
BRCA1	3763	missense_variant	0.957
BRCA1	307	missense_variant	2.569
BRCA1	641	missense_variant	1.246
BRCA1	935	frameshift_variant	2.378
BRCA1	3106	stop_gained	1.151
BRCA1	265	splice_region_variant	0.291
BRCA1	4473	synonymous_variant	1.5
BRCA1	4737	missense_variant	1.238
BRCA1	2422	missense_variant	1.65
BRCA1	5060	splice_region_variant	1.013
BRCA1	1270	frameshift_variant	0.972
BRCA1	156	missense_variant	0.533
BRCA1	22	frameshift_variant	1.158
BRCA1	5108	missense_variant	0.893
BRCA1	259	frameshift_variant	1.864
BRCA1	1319	synonymous_variant	1.521
BRCA1	2245	synonymous_variant	0.232
BRCA1	1712	stop_gained	1.533
BRCA1	2703	splice_region_variant	0.985
BRCA1	108	missense_variant	1.922
BRCA1	2765	synonymous_variant	1.233
BRCA1	1540	stop_gained	0.515
BRCA1	3019	missense_variant	2.031
BRCA1	2944	synonymous_variant	1.724
BRCA1	3654	missense_variant	0.326
BRCA1	4740	synonymous_variant	1.021
BRCA1	3995	missense_variant	1.536
BRCA1	499	synonymous_variant	2.071
BRCA1	5339	synonymous_variant	0.293
BRCA1	3380	missense_variant	1.292
BRCA1	3875	missense_variant	0.734
BRCA1	4012	missense_variant	0.476
BRCA1	1064	stop_gained	1.81
BRCA1	3393	missense_variant	1.636
BRCA1	5063	frameshift_variant	1.455
BRCA1	2601	missense_variant	1.096
BRCA1	1261	splice_region_variant	1.2
BRCA1	4658	missense_variant	2.246
BRCA1	3892	frameshift_variant	1.981
BRCA1	3931	splice_region_variant	2.003
BRCA1	2875	missense_variant	1.113
BRCA1	2939	synonymous_variant	0.693
BRCA1	4319	splice_region_variant	0.471
BRCA1	5358	missense_variant	0.776
EGFR	625	synonymous_variant	1.521
EGFR	130	synonymous_variant	0.579
EGFR	431	missense_variant	1.268
EGFR	1250	missense_variant	1.715
EGFR	994	synonymous_variant	1.089
EGFR	349	missense_variant	1.921
EGFR	776	synonymous_variant	0.358
EGFR	144	missense_variant	1.084
EGFR	353	splice_region_variant	0.517
EGFR	124	missense_variant	0.777
EGFR	597	synonymous_variant	1.547
EGFR	475	splice_region_variant	0.17
EGFR	465	missense_variant	1.206
EGFR	230	missense_variant	2.169
EGFR	519	missense_variant	0.965
EGFR	404	splice_region_variant	1.528
EGFR	404	missense_variant	1.974
EGFR	988	stop_gained	1.461
EGFR	483	missense_variant	1.553
EGFR	1142	synonymous_variant	1.273
EGFR	769	missense_variant	1.158
EGFR	594	splice_region_variant	1.474
EGFR	999	frameshift_variant	1.621
EGFR	911	stop_gained	1.611
EGFR	297	missense_variant	2.545
EGFR	957	missense_variant	1.439
EGFR	1053	synonymous_variant	1.568
EGFR	3	synonymous_variant	1.014
EGFR	584	synonymous_variant	0.25
EGFR	96	missense_variant	0.118
EGFR	513	missense_variant	2.473
EGFR	1115	stop_gained	1.544
EGFR	1268	frameshift_variant	0.493
EGFR	1156	missense_variant	1.436
EGFR	1260	synonymous_variant	1.908
EGFR	867	missense_variant	0.321
EGFR	1283	stop_gained	1.109
EGFR	483	splice_region_variant	1.877
EGFR	1109	missense_variant	1.541
EGFR	197	stop_gained	0.471
EGFR	141	splice_region_variant	1.707
EGFR	484	frameshift_variant	1.17
EGFR	552	stop_gained	1.725
EGFR	740	synonymous_variant	1.046
EGFR	454	stop_gained	1.231
EGFR	1075	stop_gained	0.769
EGFR	1195	missense_variant	0.455
EGFR	150	missense_variant	0.243
EGFR	21	stop_gained	1.318
EGFR	652	missense_variant	1.428
EGFR	884	missense_variant	0.527
EGFR	724	missense_variant	1.536
EGFR	644	frameshift_variant	0.131
EGFR	1153	synonymous_variant	0.686
EGFR	650	missense_variant	0.148
EGFR	382	splice_region_variant	1.02
EGFR	1222	synonymous_variant	2.023
EGFR	829	missense_variant	1.321
EGFR	713	frameshift_variant	1.767
EGFR	36	missense_variant	1.295
EGFR	874	synonymous_variant	0.699
EGFR	180	frameshift_variant	0.465
EGFR	428	synonymous_variant	1.043
EGFR	613	frameshift_variant	1.517
EGFR	897	frameshift_variant	1.632
EGFR	826	missense_variant	1.681
EGFR	808	missense_variant	1.623
EGFR	856	synonymous_variant	1.632
EGFR	1174	missense_variant	1.363
EGFR	15	missense_variant	0.117
EGFR	1061	missense_variant	1.364
EGFR	387	synonymous_variant	0.659
EGFR	517	synonymous_variant	0.563
EGFR	112	synonymous_variant	1.333
EGFR	1000	missense_variant	1.681
EGFR	904	splice_region_variant	0.916
EGFR	944	missense_variant	0.649
EGFR	865	missense_variant	1.265
KRAS	61	missense_variant	0.804
KRAS	248	missense_variant	2.822
KRAS	634	synonymous_variant	2.014
KRAS	472	frameshift_variant	0.744
KRAS	286	synonymous_variant	1.047
KRAS	599	missense_variant	1.02
KRAS	779	missense_variant	0.748
KRAS	402	synonymous_variant	1.771
KRAS	275	frameshift_variant	0.341
KRAS	246	synonymous_variant	1.231
KRAS	326	splice_region_variant	1.023
KRAS	170	missense_variant	0.201
KRAS	766	synonymous_variant	1.606
KRAS	193	splice_region_variant	1.382
KRAS	212	synonymous_variant	1.052
KRAS	421	synonymous_variant	1.282
KRAS	770	missense_variant	2.388
KRAS	498	synonymous_variant	0.768
KRAS	529	frameshift_variant	0.48
KRAS	698	missense_variant	0.371
KRAS	448	frameshift_variant	0.98
KRAS	233	stop_gained	0.141
KRAS	368	missense_variant	1.477
KRAS	376	stop_gained	1.006
KRAS	427	frameshift_variant	1.39
KRAS	568	splice_region_variant	1.177
KRAS	297	synonymous_variant	0.579
KRAS	647	splice_region_variant	0.246
KRAS	707	splice_region_variant	1.509
KRAS	586	synonymous_variant	1.368
KRAS	486	frameshift_variant	1.808
KRAS	263	splice_region_variant	0.287
KRAS	99	synonymous_variant	1.175
KRAS	28	missense_variant	0.625
KRAS	621	synonymous_variant	0.724
KRAS	785	synonymous_variant	0.978
KRAS	293	missense_variant	1.613
KRAS	153	stop_gained	1.761
KRAS	428	splice_region_variant	1.208
KRAS	666	missense_variant	0.98
KRAS	596	stop_gained	1.516
KRAS	415	missense_variant	0.402
KRAS	524	missense_variant	1.027
KRAS	452	synonymous_variant	1.143
KRAS	445	missense_variant	2.348
KRAS	770	synonymous_variant	1.077
KRAS	438	synonymous_variant	1.864
KRAS	272	frameshift_variant	0.796
KRAS	119	missense_variant	0.358
KRAS	453	missense_variant	1.117
KRAS	648	missense_variant	1.848
KRAS	148	stop_gained	0.864
KRAS	19	missense_variant	1.294
KRAS	505	missense_variant	2.12
KRAS	760	missense_variant	1.049
KRAS	271	missense_variant	2.419
KRAS	581	missense_variant	0.16
KRAS	63	frameshift_variant	1.076
KRAS	733	frameshift_variant	1.524
KRAS	765	splice_region_variant	1.207
KRAS	457	frameshift_variant	0.447
KRAS	708	missense_variant	1.74
KRAS	561	frameshift_variant	1.703
KRAS	261	missense_variant	1.144
KRAS	359	synonymous_variant	0.982
KRAS	493	splice_region_variant	0.757
KRAS	429	missense_variant	1.703
KRAS	496	frameshift_variant	1.24
KRAS	508	missense_variant	1.165
