sample_id	gene	mutation_type
TCGA-000	PIK3CA	Missense_Mutation
TCGA-001	TP53	Frame_Shift_Ins
TCGA-001	MLL3	Missense_Mutation
TCGA-002	PIK3CA	Frame_Shift_Ins
TCGA-002	ATM	Missense_Mutation
TCGA-004	EGFR	Missense_Mutation
TCGA-004	APC	Missense_Mutation
TCGA-005	PTEN	Frame_Shift_Del
TCGA-005	ATM	In_Frame_Del
TCGA-006	TP53	Nonsense_Mutation
TCGA-006	PIK3CA	In_Frame_Del
TCGA-006	ARID1A	Frame_Shift_Ins
TCGA-006	RET	Nonsense_Mutation
TCGA-007	BRAF	Missense_Mutation
TCGA-007	BRCA1	Frame_Shift_Ins
TCGA-008	SMAD4	Nonsense_Mutation
TCGA-008	MET	Nonsense_Mutation
TCGA-009	RB1	Missense_Mutation
TCGA-011	KRAS	Missense_Mutation
TCGA-012	PIK3CA	Missense_Mutation
TCGA-012	ATM	Missense_Mutation
TCGA-012	RB1	Nonsense_Mutation
TCGA-013	TP53	Missense_Mutation
TCGA-013	ROS1	Nonsense_Mutation
TCGA-014	KRAS	Nonsense_Mutation
TCGA-014	PIK3CA	Missense_Mutation
TCGA-014	ATM	Frame_Shift_Del
TCGA-014	ERBB2	Frame_Shift_Ins
TCGA-016	PIK3CA	Missense_Mutation
TCGA-016	BRAF	Frame_Shift_Del
TCGA-016	ALK	Frame_Shift_Ins
TCGA-017	PTEN	Nonsense_Mutation
TCGA-017	BRCA1	Missense_Mutation
TCGA-017	ERBB2	Missense_Mutation
TCGA-018	TP53	Missense_Mutation
TCGA-018	KRAS	Missense_Mutation
TCGA-019	TP53	Nonsense_Mutation
TCGA-019	KRAS	Nonsense_Mutation
TCGA-019	BRAF	In_Frame_Del
TCGA-020	PIK3CA	Missense_Mutation
TCGA-020	APC	Frame_Shift_Del
TCGA-020	BRCA1	Frame_Shift_Del
TCGA-021	KRAS	In_Frame_Del
TCGA-021	PIK3CA	Frame_Shift_Del
TCGA-022	BRAF	Frame_Shift_Del
TCGA-023	TP53	Missense_Mutation
TCGA-023	KRAS	Missense_Mutation
TCGA-023	ATM	Frame_Shift_Del
TCGA-024	TP53	Frame_Shift_Ins
TCGA-024	BRCA1	Missense_Mutation
TCGA-024	CDKN2A	Missense_Mutation
TCGA-024	VHL	Missense_Mutation
TCGA-025	PIK3CA	Missense_Mutation
TCGA-026	EGFR	Missense_Mutation
TCGA-027	TP53	Frame_Shift_Del
TCGA-028	BRCA1	Missense_Mutation
TCGA-028	BRCA2	Missense_Mutation
TCGA-028	RB1	In_Frame_Del
TCGA-028	MET	Missense_Mutation
TCGA-028	ROS1	Missense_Mutation
TCGA-029	PIK3CA	Frame_Shift_Ins
TCGA-029	PTEN	Missense_Mutation
TCGA-030	RET	Missense_Mutation
TCGA-032	BRAF	Missense_Mutation
TCGA-032	FBXW7	Missense_Mutation
TCGA-033	TP53	Frame_Shift_Ins
TCGA-033	CTNNB1	Frame_Shift_Del
TCGA-034	BRAF	Missense_Mutation
TCGA-034	APC	Frame_Shift_Del
TCGA-034	ARID1A	In_Frame_Del
TCGA-034	GNAS	Frame_Shift_Del
TCGA-034	ALK	Nonsense_Mutation
TCGA-035	BRCA1	Missense_Mutation
TCGA-035	SMAD4	Missense_Mutation
TCGA-036	TP53	Missense_Mutation
TCGA-037	ATM	Missense_Mutation
TCGA-038	KEAP1	Missense_Mutation
TCGA-039	KRAS	Frame_Shift_Del
TCGA-039	PTEN	Missense_Mutation
